symbol,company_name,fiscal_year,quarter,segment_name,revenue,end_date,is_calculated,download_timestamp,process_timestamp
AMD,"Advanced Micro Devices, Inc.",2019,Q3,Computing and Graphics,1276000000.0,2019-09-28,False,2026-08-05 02:06:42 CST,2026-08-05 02:06:42 CST
AMD,"Advanced Micro Devices, Inc.",2019,Q3,"Enterprise, Embedded and Semi-Custom",525000000.0,2019-09-28,False,2026-08-05 02:06:42 CST,2026-08-05 02:06:42 CST
AMD,"Advanced Micro Devices, Inc.",2020,Q1,Computing and Graphics,1438000000.0,2020-03-28,False,2026-08-05 02:06:42 CST,2026-08-05 02:06:42 CST
AMD,"Advanced Micro Devices, Inc.",2020,Q1,"Enterprise, Embedded and Semi-Custom",348000000.0,2020-03-28,False,2026-08-05 02:06:42 CST,2026-08-05 02:06:42 CST
AMD,"Advanced Micro Devices, Inc.",2020,Q2,Computing and Graphics,1367000000.0,2020-06-27,False,2026-08-05 02:06:42 CST,2026-08-05 02:06:42 CST
AMD,"Advanced Micro Devices, Inc.",2020,Q2,"Enterprise, Embedded and Semi-Custom",565000000.0,2020-06-27,False,2026-08-05 02:06:42 CST,2026-08-05 02:06:42 CST
AMD,"Advanced Micro Devices, Inc.",2020,Q3,Computing and Graphics,1667000000.0,2020-09-26,False,2026-08-05 02:06:42 CST,2026-08-05 02:06:42 CST
AMD,"Advanced Micro Devices, Inc.",2020,Q3,"Enterprise, Embedded and Semi-Custom",1134000000.0,2020-09-26,False,2026-08-05 02:06:42 CST,2026-08-05 02:06:42 CST
AMD,"Advanced Micro Devices, Inc.",2020,Q4,Computing and Graphics,1960000000.0,,True,2026-08-05 02:06:42 CST,2026-08-05 02:06:42 CST
AMD,"Advanced Micro Devices, Inc.",2021,Q1,Computing and Graphics,2100000000.0,2021-03-27,False,2026-08-05 02:06:42 CST,2026-08-05 02:06:42 CST
AMD,"Advanced Micro Devices, Inc.",2021,Q1,"Enterprise, Embedded and Semi-Custom",1345000000.0,2021-03-27,False,2026-08-05 02:06:42 CST,2026-08-05 02:06:42 CST
AMD,"Advanced Micro Devices, Inc.",2021,Q2,Computing and Graphics,2250000000.0,2021-06-26,False,2026-08-05 02:06:42 CST,2026-08-05 02:06:42 CST
AMD,"Advanced Micro Devices, Inc.",2021,Q2,"Enterprise, Embedded and Semi-Custom",1600000000.0,2021-06-26,False,2026-08-05 02:06:42 CST,2026-08-05 02:06:42 CST
AMD,"Advanced Micro Devices, Inc.",2021,Q3,Computing and Graphics,2398000000.0,2021-09-25,False,2026-08-05 02:06:42 CST,2026-08-05 02:06:42 CST
AMD,"Advanced Micro Devices, Inc.",2021,Q3,"Enterprise, Embedded and Semi-Custom",1915000000.0,2021-09-25,False,2026-08-05 02:06:42 CST,2026-08-05 02:06:42 CST
AMD,"Advanced Micro Devices, Inc.",2021,Q4,Computing and Graphics,2584000000.0,,True,2026-08-05 02:06:42 CST,2026-08-05 02:06:42 CST
AMD,"Advanced Micro Devices, Inc.",2022,Q1,Computing and Graphics,2802000000.0,2022-03-26,False,2026-08-05 02:06:42 CST,2026-08-05 02:06:42 CST
AMD,"Advanced Micro Devices, Inc.",2022,Q1,"Enterprise, Embedded and Semi-Custom",2526000000.0,2022-03-26,False,2026-08-05 02:06:42 CST,2026-08-05 02:06:42 CST
AMD,"Advanced Micro Devices, Inc.",2022,Q1,Xilinx,559000000.0,2022-03-26,False,2026-08-05 02:06:42 CST,2026-08-05 02:06:42 CST
AMD,"Advanced Micro Devices, Inc.",2022,Q2,Client,2152000000.0,2022-06-25,False,2026-08-05 02:06:42 CST,2026-08-05 02:06:42 CST
AMD,"Advanced Micro Devices, Inc.",2022,Q2,Data Center,1486000000.0,2022-06-25,False,2026-08-05 02:06:42 CST,2026-08-05 02:06:42 CST
AMD,"Advanced Micro Devices, Inc.",2022,Q2,Embedded,1257000000.0,2022-06-25,False,2026-08-05 02:06:42 CST,2026-08-05 02:06:42 CST
AMD,"Advanced Micro Devices, Inc.",2022,Q2,Gaming,1655000000.0,2022-06-25,False,2026-08-05 02:06:42 CST,2026-08-05 02:06:42 CST
AMD,"Advanced Micro Devices, Inc.",2022,Q3,Client,1022000000.0,2022-09-24,False,2026-08-05 02:06:42 CST,2026-08-05 02:06:42 CST
AMD,"Advanced Micro Devices, Inc.",2022,Q3,Data Center,1609000000.0,2022-09-24,False,2026-08-05 02:06:42 CST,2026-08-05 02:06:42 CST
AMD,"Advanced Micro Devices, Inc.",2022,Q3,Embedded,1303000000.0,2022-09-24,False,2026-08-05 02:06:42 CST,2026-08-05 02:06:42 CST
AMD,"Advanced Micro Devices, Inc.",2022,Q3,Gaming,1631000000.0,2022-09-24,False,2026-08-05 02:06:42 CST,2026-08-05 02:06:42 CST
AMD,"Advanced Micro Devices, Inc.",2023,Q2,Client,739000000.0,2023-04-01,False,2026-08-05 02:06:42 CST,2026-08-05 02:06:42 CST
AMD,"Advanced Micro Devices, Inc.",2023,Q2,Data Center,1295000000.0,2023-04-01,False,2026-08-05 02:06:42 CST,2026-08-05 02:06:42 CST
AMD,"Advanced Micro Devices, Inc.",2023,Q2,Embedded,1562000000.0,2023-04-01,False,2026-08-05 02:06:42 CST,2026-08-05 02:06:42 CST
AMD,"Advanced Micro Devices, Inc.",2023,Q2,Gaming,1757000000.0,2023-04-01,False,2026-08-05 02:06:42 CST,2026-08-05 02:06:42 CST
AMD,"Advanced Micro Devices, Inc.",2023,Q3,Client,1453000000.0,2023-09-30,False,2026-08-05 02:06:42 CST,2026-08-05 02:06:42 CST
AMD,"Advanced Micro Devices, Inc.",2023,Q3,Data Center,1598000000.0,2023-09-30,False,2026-08-05 02:06:42 CST,2026-08-05 02:06:42 CST
AMD,"Advanced Micro Devices, Inc.",2023,Q3,Embedded,1243000000.0,2023-09-30,False,2026-08-05 02:06:42 CST,2026-08-05 02:06:42 CST
AMD,"Advanced Micro Devices, Inc.",2023,Q3,Gaming,1506000000.0,2023-09-30,False,2026-08-05 02:06:42 CST,2026-08-05 02:06:42 CST
AMD,"Advanced Micro Devices, Inc.",2024,Q1,Client,1368000000.0,2024-03-30,False,2026-08-05 02:06:42 CST,2026-08-05 02:06:42 CST
AMD,"Advanced Micro Devices, Inc.",2024,Q1,Data Center,2337000000.0,2024-03-30,False,2026-08-05 02:06:42 CST,2026-08-05 02:06:42 CST
AMD,"Advanced Micro Devices, Inc.",2024,Q1,Embedded,846000000.0,2024-03-30,False,2026-08-05 02:06:42 CST,2026-08-05 02:06:42 CST
AMD,"Advanced Micro Devices, Inc.",2024,Q1,Gaming,922000000.0,2024-03-30,False,2026-08-05 02:06:42 CST,2026-08-05 02:06:42 CST
AMD,"Advanced Micro Devices, Inc.",2024,Q2,Client,1492000000.0,2024-06-29,False,2026-08-05 02:06:42 CST,2026-08-05 02:06:42 CST
AMD,"Advanced Micro Devices, Inc.",2024,Q2,Data Center,2834000000.0,2024-06-29,False,2026-08-05 02:06:42 CST,2026-08-05 02:06:42 CST
AMD,"Advanced Micro Devices, Inc.",2024,Q2,Embedded,861000000.0,2024-06-29,False,2026-08-05 02:06:42 CST,2026-08-05 02:06:42 CST
AMD,"Advanced Micro Devices, Inc.",2024,Q2,Gaming,648000000.0,2024-06-29,False,2026-08-05 02:06:42 CST,2026-08-05 02:06:42 CST
AMD,"Advanced Micro Devices, Inc.",2024,Q3,Client,1881000000.0,2024-09-28,False,2026-08-05 02:06:42 CST,2026-08-05 02:06:42 CST
AMD,"Advanced Micro Devices, Inc.",2024,Q3,Data Center,3549000000.0,2024-09-28,False,2026-08-05 02:06:42 CST,2026-08-05 02:06:42 CST
AMD,"Advanced Micro Devices, Inc.",2024,Q3,Embedded,927000000.0,2024-09-28,False,2026-08-05 02:06:42 CST,2026-08-05 02:06:42 CST
AMD,"Advanced Micro Devices, Inc.",2024,Q3,Gaming,462000000.0,2024-09-28,False,2026-08-05 02:06:42 CST,2026-08-05 02:06:42 CST
AMD,"Advanced Micro Devices, Inc.",2024,Q4,Client,2313000000.0,,True,2026-08-05 02:06:42 CST,2026-08-05 02:06:42 CST
AMD,"Advanced Micro Devices, Inc.",2024,Q4,Data Center,3859000000.0,,True,2026-08-05 02:06:42 CST,2026-08-05 02:06:42 CST
AMD,"Advanced Micro Devices, Inc.",2024,Q4,Embedded,923000000.0,,True,2026-08-05 02:06:42 CST,2026-08-05 02:06:42 CST
AMD,"Advanced Micro Devices, Inc.",2024,Q4,Gaming,563000000.0,,True,2026-08-05 02:06:42 CST,2026-08-05 02:06:42 CST
AMD,"Advanced Micro Devices, Inc.",2025,Q1,Client,2294000000.0,2025-03-29,False,2026-08-05 02:06:42 CST,2026-08-05 02:06:42 CST
AMD,"Advanced Micro Devices, Inc.",2025,Q1,Data Center,3674000000.0,2025-03-29,False,2026-08-05 02:06:42 CST,2026-08-05 02:06:42 CST
AMD,"Advanced Micro Devices, Inc.",2025,Q1,Embedded,823000000.0,2025-03-29,False,2026-08-05 02:06:42 CST,2026-08-05 02:06:42 CST
AMD,"Advanced Micro Devices, Inc.",2025,Q1,Gaming,647000000.0,2025-03-29,False,2026-08-05 02:06:42 CST,2026-08-05 02:06:42 CST
AMD,"Advanced Micro Devices, Inc.",2025,Q2,Client,2499000000.0,2025-06-28,False,2026-08-05 02:06:42 CST,2026-08-05 02:06:42 CST
AMD,"Advanced Micro Devices, Inc.",2025,Q2,Data Center,3395000000.0,2025-06-28,False,2026-08-05 02:06:42 CST,2026-08-05 02:06:42 CST
AMD,"Advanced Micro Devices, Inc.",2025,Q2,Embedded,824000000.0,2025-06-28,False,2026-08-05 02:06:42 CST,2026-08-05 02:06:42 CST
AMD,"Advanced Micro Devices, Inc.",2025,Q2,Gaming,1122000000.0,2025-06-28,False,2026-08-05 02:06:42 CST,2026-08-05 02:06:42 CST
AMD,"Advanced Micro Devices, Inc.",2025,Q3,Client,2750000000.0,2025-09-27,False,2026-08-05 02:06:42 CST,2026-08-05 02:06:42 CST
AMD,"Advanced Micro Devices, Inc.",2025,Q3,Data Center,4341000000.0,2025-09-27,False,2026-08-05 02:06:42 CST,2026-08-05 02:06:42 CST
AMD,"Advanced Micro Devices, Inc.",2025,Q3,Embedded,857000000.0,2025-09-27,False,2026-08-05 02:06:42 CST,2026-08-05 02:06:42 CST
AMD,"Advanced Micro Devices, Inc.",2025,Q3,Gaming,1298000000.0,2025-09-27,False,2026-08-05 02:06:42 CST,2026-08-05 02:06:42 CST
AMD,"Advanced Micro Devices, Inc.",2025,Q4,Client,3097000000.0,,True,2026-08-05 02:06:42 CST,2026-08-05 02:06:42 CST
AMD,"Advanced Micro Devices, Inc.",2025,Q4,Data Center,5225000000.0,,True,2026-08-05 02:06:42 CST,2026-08-05 02:06:42 CST
AMD,"Advanced Micro Devices, Inc.",2025,Q4,Embedded,950000000.0,,True,2026-08-05 02:06:42 CST,2026-08-05 02:06:42 CST
AMD,"Advanced Micro Devices, Inc.",2025,Q4,Gaming,843000000.0,,True,2026-08-05 02:06:42 CST,2026-08-05 02:06:42 CST
AMD,"Advanced Micro Devices, Inc.",2026,Q1,Client,2885000000.0,2026-03-28,False,2026-08-05 02:06:42 CST,2026-08-05 02:06:42 CST
AMD,"Advanced Micro Devices, Inc.",2026,Q1,Data Center,5775000000.0,2026-03-28,False,2026-08-05 02:06:42 CST,2026-08-05 02:06:42 CST
AMD,"Advanced Micro Devices, Inc.",2026,Q1,Embedded,873000000.0,2026-03-28,False,2026-08-05 02:06:42 CST,2026-08-05 02:06:42 CST
AMD,"Advanced Micro Devices, Inc.",2026,Q1,Gaming,720000000.0,2026-03-28,False,2026-08-05 02:06:42 CST,2026-08-05 02:06:42 CST
AVGO,Broadcom Inc.,2023,Q2,Infrastructure software,1925000000.0,2023-06-01,False,2026-08-05 02:06:42 CST,2026-08-05 02:06:42 CST
AVGO,Broadcom Inc.,2023,Q2,Semiconductor solutions,6808000000.0,2023-06-01,False,2026-08-05 02:06:42 CST,2026-08-05 02:06:42 CST
AVGO,Broadcom Inc.,2023,Q3,Infrastructure software,1935000000.0,2023-08-31,False,2026-08-05 02:06:42 CST,2026-08-05 02:06:42 CST
AVGO,Broadcom Inc.,2023,Q3,Semiconductor solutions,6941000000.0,2023-08-31,False,2026-08-05 02:06:42 CST,2026-08-05 02:06:42 CST
AVGO,Broadcom Inc.,2023,Q4,Infrastructure software,1969000000.0,2023-12-07,False,2026-08-05 02:06:42 CST,2026-08-05 02:06:42 CST
AVGO,Broadcom Inc.,2023,Q4,Semiconductor solutions,7326000000.0,2023-12-07,False,2026-08-05 02:06:42 CST,2026-08-05 02:06:42 CST
AVGO,Broadcom Inc.,2024,Q1,Infrastructure software,4571000000.0,2024-03-07,False,2026-08-05 02:06:42 CST,2026-08-05 02:06:42 CST
AVGO,Broadcom Inc.,2024,Q1,Semiconductor solutions,7390000000.0,2024-03-07,False,2026-08-05 02:06:42 CST,2026-08-05 02:06:42 CST
AVGO,Broadcom Inc.,2024,Q2,Infrastructure software,5285000000.0,2024-06-12,False,2026-08-05 02:06:42 CST,2026-08-05 02:06:42 CST
AVGO,Broadcom Inc.,2024,Q2,Semiconductor solutions,7202000000.0,2024-06-12,False,2026-08-05 02:06:42 CST,2026-08-05 02:06:42 CST
AVGO,Broadcom Inc.,2024,Q3,Infrastructure software,5798000000.0,2024-09-05,False,2026-08-05 02:06:42 CST,2026-08-05 02:06:42 CST
AVGO,Broadcom Inc.,2024,Q3,Semiconductor solutions,7274000000.0,2024-09-05,False,2026-08-05 02:06:42 CST,2026-08-05 02:06:42 CST
AVGO,Broadcom Inc.,2024,Q4,Infrastructure software,5824000000.0,2024-12-12,False,2026-08-05 02:06:42 CST,2026-08-05 02:06:42 CST
AVGO,Broadcom Inc.,2024,Q4,Semiconductor solutions,8230000000.0,2024-12-12,False,2026-08-05 02:06:42 CST,2026-08-05 02:06:42 CST
AVGO,Broadcom Inc.,2025,Q1,Infrastructure software,6704000000.0,2025-03-06,False,2026-08-05 02:06:42 CST,2026-08-05 02:06:42 CST
AVGO,Broadcom Inc.,2025,Q1,Semiconductor solutions,8212000000.0,2025-03-06,False,2026-08-05 02:06:42 CST,2026-08-05 02:06:42 CST
AVGO,Broadcom Inc.,2025,Q2,Infrastructure software,6596000000.0,2025-06-05,False,2026-08-05 02:06:42 CST,2026-08-05 02:06:42 CST
AVGO,Broadcom Inc.,2025,Q2,Semiconductor solutions,8408000000.0,2025-06-05,False,2026-08-05 02:06:42 CST,2026-08-05 02:06:42 CST
AVGO,Broadcom Inc.,2025,Q3,Infrastructure software,6786000000.0,2025-09-04,False,2026-08-05 02:06:42 CST,2026-08-05 02:06:42 CST
AVGO,Broadcom Inc.,2025,Q3,Semiconductor solutions,9166000000.0,2025-09-04,False,2026-08-05 02:06:42 CST,2026-08-05 02:06:42 CST
AVGO,Broadcom Inc.,2025,Q4,Infrastructure software,6943000000.0,2025-12-11,False,2026-08-05 02:06:42 CST,2026-08-05 02:06:42 CST
AVGO,Broadcom Inc.,2025,Q4,Semiconductor solutions,11072000000.0,2025-12-11,False,2026-08-05 02:06:42 CST,2026-08-05 02:06:42 CST
AVGO,Broadcom Inc.,2026,Q1,Infrastructure software,6796000000.0,2026-03-04,False,2026-08-05 02:06:42 CST,2026-08-05 02:06:42 CST
AVGO,Broadcom Inc.,2026,Q1,Semiconductor solutions,12515000000.0,2026-03-04,False,2026-08-05 02:06:42 CST,2026-08-05 02:06:42 CST
AVGO,Broadcom Inc.,2026,Q2,Infrastructure software,7178000000.0,2026-06-03,False,2026-08-05 02:06:42 CST,2026-08-05 02:06:42 CST
AVGO,Broadcom Inc.,2026,Q2,Semiconductor solutions,15009000000.0,2026-06-03,False,2026-08-05 02:06:42 CST,2026-08-05 02:06:42 CST
HPE,Hewlett Packard Enterprise Co.,2024,Q4,Financial Services,893000000.0,2024-12-05,False,2026-08-05 02:06:42 CST,2026-08-05 02:06:42 CST
HPE,Hewlett Packard Enterprise Co.,2024,Q4,Hybrid Cloud,1600000000.0,2024-12-05,False,2026-08-05 02:06:42 CST,2026-08-05 02:06:42 CST
HPE,Hewlett Packard Enterprise Co.,2024,Q4,Networking,1100000000.0,2024-12-05,False,2026-08-05 02:06:42 CST,2026-08-05 02:06:42 CST
HPE,Hewlett Packard Enterprise Co.,2024,Q4,Server,4700000000.0,2024-12-05,False,2026-08-05 02:06:42 CST,2026-08-05 02:06:42 CST
HPE,Hewlett Packard Enterprise Co.,2025,Q1,Financial Services,873000000.0,2025-03-06,False,2026-08-05 02:06:42 CST,2026-08-05 02:06:42 CST
HPE,Hewlett Packard Enterprise Co.,2025,Q1,Hybrid Cloud,1400000000.0,2025-03-06,False,2026-08-05 02:06:42 CST,2026-08-05 02:06:42 CST
HPE,Hewlett Packard Enterprise Co.,2025,Q1,Networking,1100000000.0,2025-03-06,False,2026-08-05 02:06:42 CST,2026-08-05 02:06:42 CST
HPE,Hewlett Packard Enterprise Co.,2025,Q1,Server,4300000000.0,2025-03-06,False,2026-08-05 02:06:42 CST,2026-08-05 02:06:42 CST
HPE,Hewlett Packard Enterprise Co.,2025,Q2,Financial Services,856000000.0,2025-06-03,False,2026-08-05 02:06:42 CST,2026-08-05 02:06:42 CST
HPE,Hewlett Packard Enterprise Co.,2025,Q2,Hybrid Cloud,1500000000.0,2025-06-03,False,2026-08-05 02:06:42 CST,2026-08-05 02:06:42 CST
HPE,Hewlett Packard Enterprise Co.,2025,Q2,Networking,1200000000.0,2025-06-03,False,2026-08-05 02:06:42 CST,2026-08-05 02:06:42 CST
HPE,Hewlett Packard Enterprise Co.,2025,Q2,Server,4099999999.9999995,2025-06-03,False,2026-08-05 02:06:42 CST,2026-08-05 02:06:42 CST
HPE,Hewlett Packard Enterprise Co.,2025,Q3,Financial Services,886000000.0,2025-09-03,False,2026-08-05 02:06:42 CST,2026-08-05 02:06:42 CST
HPE,Hewlett Packard Enterprise Co.,2025,Q3,Hybrid Cloud,1500000000.0,2025-09-03,False,2026-08-05 02:06:42 CST,2026-08-05 02:06:42 CST
HPE,Hewlett Packard Enterprise Co.,2025,Q3,Networking,1700000000.0,2025-09-03,False,2026-08-05 02:06:42 CST,2026-08-05 02:06:42 CST
HPE,Hewlett Packard Enterprise Co.,2025,Q3,Server,4900000000.0,2025-09-03,False,2026-08-05 02:06:42 CST,2026-08-05 02:06:42 CST
HPE,Hewlett Packard Enterprise Co.,2025,Q4,Financial Services,889000000.0,2025-12-04,False,2026-08-05 02:06:42 CST,2026-08-05 02:06:42 CST
HPE,Hewlett Packard Enterprise Co.,2025,Q4,Hybrid Cloud,1400000000.0,2025-12-04,False,2026-08-05 02:06:42 CST,2026-08-05 02:06:42 CST
HPE,Hewlett Packard Enterprise Co.,2025,Q4,Networking,2800000000.0,2025-12-04,False,2026-08-05 02:06:42 CST,2026-08-05 02:06:42 CST
HPE,Hewlett Packard Enterprise Co.,2025,Q4,Server,4500000000.0,2025-12-04,False,2026-08-05 02:06:42 CST,2026-08-05 02:06:42 CST
HPE,Hewlett Packard Enterprise Co.,2026,Q1,Networking,2700000000.0,2026-03-09,False,2026-08-05 02:06:42 CST,2026-08-05 02:06:42 CST
HPE,Hewlett Packard Enterprise Co.,2026,Q2,Networking,2700000000.0,2026-06-01,False,2026-08-05 02:06:42 CST,2026-08-05 02:06:42 CST
HPQ,HP Inc.,2023,Q2,Personal Systems,8199999999.999999,2023-05-30,False,2026-08-05 02:06:42 CST,2026-08-05 02:06:42 CST
HPQ,HP Inc.,2023,Q2,Printing,4700000000.0,2023-05-30,False,2026-08-05 02:06:42 CST,2026-08-05 02:06:42 CST
HPQ,HP Inc.,2023,Q3,Personal Systems,8900000000.0,2023-08-29,False,2026-08-05 02:06:42 CST,2026-08-05 02:06:42 CST
HPQ,HP Inc.,2023,Q3,Printing,4300000000.0,2023-08-29,False,2026-08-05 02:06:42 CST,2026-08-05 02:06:42 CST
HPQ,HP Inc.,2023,Q4,Personal Systems,9400000000.0,2023-11-21,False,2026-08-05 02:06:42 CST,2026-08-05 02:06:42 CST
HPQ,HP Inc.,2023,Q4,Printing,4400000000.0,2023-11-21,False,2026-08-05 02:06:42 CST,2026-08-05 02:06:42 CST
HPQ,HP Inc.,2024,Q1,Personal Systems,8800000000.0,2024-02-28,False,2026-08-05 02:06:42 CST,2026-08-05 02:06:42 CST
HPQ,HP Inc.,2024,Q1,Printing,4400000000.0,2024-02-28,False,2026-08-05 02:06:42 CST,2026-08-05 02:06:42 CST
HPQ,HP Inc.,2024,Q2,Personal Systems,8400000000.0,2024-05-29,False,2026-08-05 02:06:42 CST,2026-08-05 02:06:42 CST
HPQ,HP Inc.,2024,Q2,Printing,4400000000.0,2024-05-29,False,2026-08-05 02:06:42 CST,2026-08-05 02:06:42 CST
HPQ,HP Inc.,2024,Q3,Personal Systems,9400000000.0,2024-08-28,False,2026-08-05 02:06:42 CST,2026-08-05 02:06:42 CST
HPQ,HP Inc.,2024,Q3,Printing,4099999999.9999995,2024-08-28,False,2026-08-05 02:06:42 CST,2026-08-05 02:06:42 CST
HPQ,HP Inc.,2024,Q4,Personal Systems,9600000000.0,2024-11-26,False,2026-08-05 02:06:42 CST,2026-08-05 02:06:42 CST
HPQ,HP Inc.,2024,Q4,Printing,4500000000.0,2024-11-26,False,2026-08-05 02:06:42 CST,2026-08-05 02:06:42 CST
HPQ,HP Inc.,2025,Q1,Personal Systems,9200000000.0,2025-02-27,False,2026-08-05 02:06:42 CST,2026-08-05 02:06:42 CST
HPQ,HP Inc.,2025,Q1,Printing,4300000000.0,2025-02-27,False,2026-08-05 02:06:42 CST,2026-08-05 02:06:42 CST
ORCL,Oracle Corporation,2021,Q2,Cloud license and on-premise license,1092000000.0,2020-11-30,False,2026-08-05 02:06:42 CST,2026-08-05 02:06:42 CST
ORCL,Oracle Corporation,2021,Q2,Cloud services and license support,7112000000.0,2020-11-30,False,2026-08-05 02:06:42 CST,2026-08-05 02:06:42 CST
ORCL,Oracle Corporation,2021,Q2,Hardware,844000000.0,2020-11-30,False,2026-08-05 02:06:42 CST,2026-08-05 02:06:42 CST
ORCL,Oracle Corporation,2021,Q2,Services,752000000.0,2020-11-30,False,2026-08-05 02:06:42 CST,2026-08-05 02:06:42 CST
ORCL,Oracle Corporation,2021,Q3,Cloud license and on-premise license,1276000000.0,2021-02-28,False,2026-08-05 02:06:42 CST,2026-08-05 02:06:42 CST
ORCL,Oracle Corporation,2021,Q3,Cloud services and license support,7252000000.0,2021-02-28,False,2026-08-05 02:06:42 CST,2026-08-05 02:06:42 CST
ORCL,Oracle Corporation,2021,Q3,Hardware,820000000.0,2021-02-28,False,2026-08-05 02:06:42 CST,2026-08-05 02:06:42 CST
ORCL,Oracle Corporation,2021,Q3,Services,737000000.0,2021-02-28,False,2026-08-05 02:06:42 CST,2026-08-05 02:06:42 CST
ORCL,Oracle Corporation,2022,Q1,Cloud license and on-premise license,813000000.0,2021-08-31,False,2026-08-05 02:06:42 CST,2026-08-05 02:06:42 CST
ORCL,Oracle Corporation,2022,Q1,Cloud services and license support,7371000000.0,2021-08-31,False,2026-08-05 02:06:42 CST,2026-08-05 02:06:42 CST
ORCL,Oracle Corporation,2022,Q1,Hardware,763000000.0,2021-08-31,False,2026-08-05 02:06:42 CST,2026-08-05 02:06:42 CST
ORCL,Oracle Corporation,2022,Q1,Services,781000000.0,2021-08-31,False,2026-08-05 02:06:42 CST,2026-08-05 02:06:42 CST
ORCL,Oracle Corporation,2022,Q2,Cloud license and on-premise license,1237000000.0,2021-11-30,False,2026-08-05 02:06:42 CST,2026-08-05 02:06:42 CST
ORCL,Oracle Corporation,2022,Q2,Cloud services and license support,7554000000.0,2021-11-30,False,2026-08-05 02:06:42 CST,2026-08-05 02:06:42 CST
ORCL,Oracle Corporation,2022,Q2,Hardware,767000000.0,2021-11-30,False,2026-08-05 02:06:42 CST,2026-08-05 02:06:42 CST
ORCL,Oracle Corporation,2022,Q2,Services,802000000.0,2021-11-30,False,2026-08-05 02:06:42 CST,2026-08-05 02:06:42 CST
ORCL,Oracle Corporation,2022,Q3,Cloud license and on-premise license,1289000000.0,2022-02-28,False,2026-08-05 02:06:42 CST,2026-08-05 02:06:42 CST
ORCL,Oracle Corporation,2022,Q3,Cloud services and license support,7637000000.0,2022-02-28,False,2026-08-05 02:06:42 CST,2026-08-05 02:06:42 CST
ORCL,Oracle Corporation,2022,Q3,Hardware,798000000.0,2022-02-28,False,2026-08-05 02:06:42 CST,2026-08-05 02:06:42 CST
ORCL,Oracle Corporation,2022,Q3,Services,789000000.0,2022-02-28,False,2026-08-05 02:06:42 CST,2026-08-05 02:06:42 CST
ORCL,Oracle Corporation,2022,Q4,Cloud license and on-premise license,2500000000.0,2022-06-13,False,2026-08-05 02:06:42 CST,2026-08-05 02:06:42 CST
ORCL,Oracle Corporation,2022,Q4,Cloud services and license support,7600000000.0,2022-06-13,False,2026-08-05 02:06:42 CST,2026-08-05 02:06:42 CST
ORCL,Oracle Corporation,2022,Q4,Hardware,856000000.0,2022-06-13,False,2026-08-05 02:06:42 CST,2026-08-05 02:06:42 CST
ORCL,Oracle Corporation,2022,Q4,Services,833000000.0,2022-06-13,False,2026-08-05 02:06:42 CST,2026-08-05 02:06:42 CST
ORCL,Oracle Corporation,2023,Q1,Cloud Applications,2700000000.0,2022-09-12,False,2026-08-05 02:06:42 CST,2026-08-05 02:06:42 CST
ORCL,Oracle Corporation,2023,Q1,Cloud license and on-premise license,904000000.0,2022-08-31,False,2026-08-05 02:06:42 CST,2026-08-05 02:06:42 CST
ORCL,Oracle Corporation,2023,Q1,Cloud services and license support,8417000000.0,2022-08-31,False,2026-08-05 02:06:42 CST,2026-08-05 02:06:42 CST
ORCL,Oracle Corporation,2023,Q1,Hardware,763000000.0,2022-08-31,False,2026-08-05 02:06:42 CST,2026-08-05 02:06:42 CST
ORCL,Oracle Corporation,2023,Q1,Oracle Cloud Infrastructure,900000000.0,2022-09-12,False,2026-08-05 02:06:42 CST,2026-08-05 02:06:42 CST
ORCL,Oracle Corporation,2023,Q1,Services,1361000000.0,2022-08-31,False,2026-08-05 02:06:42 CST,2026-08-05 02:06:42 CST
ORCL,Oracle Corporation,2023,Q2,Cloud Applications,2800000000.0,2022-12-12,False,2026-08-05 02:06:42 CST,2026-08-05 02:06:42 CST
ORCL,Oracle Corporation,2023,Q2,Cloud license and on-premise license,1435000000.0,2022-11-30,False,2026-08-05 02:06:42 CST,2026-08-05 02:06:42 CST
ORCL,Oracle Corporation,2023,Q2,Cloud services and license support,8600000000.0,2022-12-12,False,2026-08-05 02:06:42 CST,2026-08-05 02:06:42 CST
ORCL,Oracle Corporation,2023,Q2,Hardware,850000000.0,2022-11-30,False,2026-08-05 02:06:42 CST,2026-08-05 02:06:42 CST
ORCL,Oracle Corporation,2023,Q2,Oracle Cloud Infrastructure,1000000000.0,2022-12-12,False,2026-08-05 02:06:42 CST,2026-08-05 02:06:42 CST
ORCL,Oracle Corporation,2023,Q2,Services,1392000000.0,2022-11-30,False,2026-08-05 02:06:42 CST,2026-08-05 02:06:42 CST
ORCL,Oracle Corporation,2023,Q3,Cloud Applications,2900000000.0,2023-03-09,False,2026-08-05 02:06:42 CST,2026-08-05 02:06:42 CST
ORCL,Oracle Corporation,2023,Q3,Cloud license and on-premise license,1300000000.0,2023-03-09,False,2026-08-05 02:06:42 CST,2026-08-05 02:06:42 CST
ORCL,Oracle Corporation,2023,Q3,Cloud services and license support,8923000000.0,2023-02-28,False,2026-08-05 02:06:42 CST,2026-08-05 02:06:42 CST
ORCL,Oracle Corporation,2023,Q3,Hardware,811000000.0,2023-02-28,False,2026-08-05 02:06:42 CST,2026-08-05 02:06:42 CST
ORCL,Oracle Corporation,2023,Q3,Oracle Cloud Infrastructure,1200000000.0,2023-03-09,False,2026-08-05 02:06:42 CST,2026-08-05 02:06:42 CST
ORCL,Oracle Corporation,2023,Q3,Services,1376000000.0,2023-02-28,False,2026-08-05 02:06:42 CST,2026-08-05 02:06:42 CST
ORCL,Oracle Corporation,2023,Q4,Cloud Applications,3000000000.0,2023-06-12,False,2026-08-05 02:06:42 CST,2026-08-05 02:06:42 CST
ORCL,Oracle Corporation,2023,Q4,Cloud license and on-premise license,2200000000.0,2023-06-12,False,2026-08-05 02:06:42 CST,2026-08-05 02:06:42 CST
ORCL,Oracle Corporation,2023,Q4,Cloud services and license support,9400000000.0,2023-06-12,False,2026-08-05 02:06:42 CST,2026-08-05 02:06:42 CST
ORCL,Oracle Corporation,2023,Q4,Hardware,850000000.0,2023-06-12,False,2026-08-05 02:06:42 CST,2026-08-05 02:06:42 CST
ORCL,Oracle Corporation,2023,Q4,Oracle Cloud Infrastructure,1400000000.0,2023-06-12,False,2026-08-05 02:06:42 CST,2026-08-05 02:06:42 CST
ORCL,Oracle Corporation,2023,Q4,Services,1465000000.0,2023-06-12,False,2026-08-05 02:06:42 CST,2026-08-05 02:06:42 CST
ORCL,Oracle Corporation,2024,Q1,Cloud Applications,3100000000.0,2023-09-11,False,2026-08-05 02:06:42 CST,2026-08-05 02:06:42 CST
ORCL,Oracle Corporation,2024,Q1,Cloud license and on-premise license,809000000.0,2023-08-31,False,2026-08-05 02:06:42 CST,2026-08-05 02:06:42 CST
ORCL,Oracle Corporation,2024,Q1,Cloud services and license support,9547000000.0,2023-08-31,False,2026-08-05 02:06:42 CST,2026-08-05 02:06:42 CST
ORCL,Oracle Corporation,2024,Q1,Hardware,714000000.0,2023-08-31,False,2026-08-05 02:06:42 CST,2026-08-05 02:06:42 CST
ORCL,Oracle Corporation,2024,Q1,Oracle Cloud Infrastructure,1500000000.0,2023-09-11,False,2026-08-05 02:06:42 CST,2026-08-05 02:06:42 CST
ORCL,Oracle Corporation,2024,Q1,Services,1383000000.0,2023-08-31,False,2026-08-05 02:06:42 CST,2026-08-05 02:06:42 CST
ORCL,Oracle Corporation,2024,Q2,Cloud Applications,3200000000.0,2023-12-11,False,2026-08-05 02:06:42 CST,2026-08-05 02:06:42 CST
ORCL,Oracle Corporation,2024,Q2,Cloud license and on-premise license,1200000000.0,2023-12-11,False,2026-08-05 02:06:42 CST,2026-08-05 02:06:42 CST
ORCL,Oracle Corporation,2024,Q2,Cloud services and license support,9639000000.0,2023-11-30,False,2026-08-05 02:06:42 CST,2026-08-05 02:06:42 CST
ORCL,Oracle Corporation,2024,Q2,Hardware,756000000.0,2023-11-30,False,2026-08-05 02:06:42 CST,2026-08-05 02:06:42 CST
ORCL,Oracle Corporation,2024,Q2,Oracle Cloud Infrastructure,1600000000.0,2023-12-11,False,2026-08-05 02:06:42 CST,2026-08-05 02:06:42 CST
ORCL,Oracle Corporation,2024,Q2,Services,1368000000.0,2023-11-30,False,2026-08-05 02:06:42 CST,2026-08-05 02:06:42 CST
ORCL,Oracle Corporation,2024,Q3,Cloud Applications,3300000000.0,2024-03-11,False,2026-08-05 02:06:42 CST,2026-08-05 02:06:42 CST
ORCL,Oracle Corporation,2024,Q3,Cloud license and on-premise license,1300000000.0,2024-03-11,False,2026-08-05 02:06:42 CST,2026-08-05 02:06:42 CST
ORCL,Oracle Corporation,2024,Q3,Cloud services and license support,10000000000.0,2024-03-11,False,2026-08-05 02:06:42 CST,2026-08-05 02:06:42 CST
ORCL,Oracle Corporation,2024,Q3,Hardware,754000000.0,2024-02-29,False,2026-08-05 02:06:42 CST,2026-08-05 02:06:42 CST
ORCL,Oracle Corporation,2024,Q3,Oracle Cloud Infrastructure,1800000000.0,2024-03-11,False,2026-08-05 02:06:42 CST,2026-08-05 02:06:42 CST
ORCL,Oracle Corporation,2024,Q3,Services,1307000000.0,2024-02-29,False,2026-08-05 02:06:42 CST,2026-08-05 02:06:42 CST
ORCL,Oracle Corporation,2024,Q4,Cloud Applications,3300000000.0,2024-06-11,False,2026-08-05 02:06:42 CST,2026-08-05 02:06:42 CST
ORCL,Oracle Corporation,2024,Q4,Cloud license and on-premise license,1800000000.0,2024-06-11,False,2026-08-05 02:06:42 CST,2026-08-05 02:06:42 CST
ORCL,Oracle Corporation,2024,Q4,Cloud services and license support,10200000000.0,2024-06-11,False,2026-08-05 02:06:42 CST,2026-08-05 02:06:42 CST
ORCL,Oracle Corporation,2024,Q4,Hardware,842000000.0,2024-06-11,False,2026-08-05 02:06:42 CST,2026-08-05 02:06:42 CST
ORCL,Oracle Corporation,2024,Q4,Oracle Cloud Infrastructure,2000000000.0,2024-06-11,False,2026-08-05 02:06:42 CST,2026-08-05 02:06:42 CST
ORCL,Oracle Corporation,2024,Q4,Services,1373000000.0,2024-06-11,False,2026-08-05 02:06:42 CST,2026-08-05 02:06:42 CST
ORCL,Oracle Corporation,2025,Q1,Cloud Applications,3500000000.0,2024-09-09,False,2026-08-05 02:06:42 CST,2026-08-05 02:06:42 CST
ORCL,Oracle Corporation,2025,Q1,Cloud license and on-premise license,870000000.0,2024-08-31,False,2026-08-05 02:06:42 CST,2026-08-05 02:06:42 CST
ORCL,Oracle Corporation,2025,Q1,Cloud services and license support,10519000000.0,2024-08-31,False,2026-08-05 02:06:42 CST,2026-08-05 02:06:42 CST
ORCL,Oracle Corporation,2025,Q1,Hardware,655000000.0,2024-08-31,False,2026-08-05 02:06:42 CST,2026-08-05 02:06:42 CST
ORCL,Oracle Corporation,2025,Q1,Oracle Cloud Infrastructure,2200000000.0,2024-09-09,False,2026-08-05 02:06:42 CST,2026-08-05 02:06:42 CST
ORCL,Oracle Corporation,2025,Q1,Services,1263000000.0,2024-08-31,False,2026-08-05 02:06:42 CST,2026-08-05 02:06:42 CST
ORCL,Oracle Corporation,2025,Q2,Cloud Applications,3500000000.0,2024-12-09,False,2026-08-05 02:06:42 CST,2026-08-05 02:06:42 CST
ORCL,Oracle Corporation,2025,Q2,Cloud license and on-premise license,1200000000.0,2024-12-09,False,2026-08-05 02:06:42 CST,2026-08-05 02:06:42 CST
ORCL,Oracle Corporation,2025,Q2,Cloud services and license support,10806000000.0,2024-11-30,False,2026-08-05 02:06:42 CST,2026-08-05 02:06:42 CST
ORCL,Oracle Corporation,2025,Q2,Hardware,728000000.0,2024-11-30,False,2026-08-05 02:06:42 CST,2026-08-05 02:06:42 CST
ORCL,Oracle Corporation,2025,Q2,Oracle Cloud Infrastructure,2400000000.0,2024-12-09,False,2026-08-05 02:06:42 CST,2026-08-05 02:06:42 CST
ORCL,Oracle Corporation,2025,Q2,Services,1330000000.0,2024-11-30,False,2026-08-05 02:06:42 CST,2026-08-05 02:06:42 CST
ORCL,Oracle Corporation,2025,Q3,Cloud Applications,3600000000.0,2025-03-10,False,2026-08-05 02:06:42 CST,2026-08-05 02:06:42 CST
ORCL,Oracle Corporation,2025,Q3,Cloud license and on-premise license,1129000000.0,2025-02-28,False,2026-08-05 02:06:42 CST,2026-08-05 02:06:42 CST
ORCL,Oracle Corporation,2025,Q3,Cloud services and license support,11007000000.0,2025-02-28,False,2026-08-05 02:06:42 CST,2026-08-05 02:06:42 CST
ORCL,Oracle Corporation,2025,Q3,Hardware,703000000.0,2025-02-28,False,2026-08-05 02:06:42 CST,2026-08-05 02:06:42 CST
ORCL,Oracle Corporation,2025,Q3,Oracle Cloud Infrastructure,2700000000.0,2025-03-10,False,2026-08-05 02:06:42 CST,2026-08-05 02:06:42 CST
ORCL,Oracle Corporation,2025,Q3,Services,1291000000.0,2025-02-28,False,2026-08-05 02:06:42 CST,2026-08-05 02:06:42 CST
ORCL,Oracle Corporation,2025,Q4,Cloud Applications,3700000000.0,2025-06-11,False,2026-08-05 02:06:42 CST,2026-08-05 02:06:42 CST
ORCL,Oracle Corporation,2025,Q4,Cloud license and on-premise license,2000000000.0,2025-06-11,False,2026-08-05 02:06:42 CST,2026-08-05 02:06:42 CST
ORCL,Oracle Corporation,2025,Q4,Cloud services and license support,11700000000.0,2025-06-11,False,2026-08-05 02:06:42 CST,2026-08-05 02:06:42 CST
ORCL,Oracle Corporation,2025,Q4,Hardware,850000000.0,,True,2026-08-05 02:06:42 CST,2026-08-05 02:06:42 CST
ORCL,Oracle Corporation,2025,Q4,Oracle Cloud Infrastructure,3000000000.0,2025-06-11,False,2026-08-05 02:06:42 CST,2026-08-05 02:06:42 CST
ORCL,Oracle Corporation,2025,Q4,Services,1349000000.0,,True,2026-08-05 02:06:42 CST,2026-08-05 02:06:42 CST
ORCL,Oracle Corporation,2026,Q1,Cloud,7200000000.0,2025-09-09,False,2026-08-05 02:06:42 CST,2026-08-05 02:06:42 CST
ORCL,Oracle Corporation,2026,Q1,Cloud Applications,3800000000.0,2025-09-09,False,2026-08-05 02:06:42 CST,2026-08-05 02:06:42 CST
ORCL,Oracle Corporation,2026,Q1,Hardware,670000000.0,2025-08-31,False,2026-08-05 02:06:42 CST,2026-08-05 02:06:42 CST
ORCL,Oracle Corporation,2026,Q1,Oracle Cloud Infrastructure,3300000000.0,2025-09-09,False,2026-08-05 02:06:42 CST,2026-08-05 02:06:42 CST
ORCL,Oracle Corporation,2026,Q1,Services,1349000000.0,2025-08-31,False,2026-08-05 02:06:42 CST,2026-08-05 02:06:42 CST
ORCL,Oracle Corporation,2026,Q1,Software,5721000000.0,2025-08-31,False,2026-08-05 02:06:42 CST,2026-08-05 02:06:42 CST
ORCL,Oracle Corporation,2026,Q2,Cloud,8000000000.0,2025-12-10,False,2026-08-05 02:06:42 CST,2026-08-05 02:06:42 CST
ORCL,Oracle Corporation,2026,Q2,Cloud Applications,3900000000.0,2025-12-10,False,2026-08-05 02:06:42 CST,2026-08-05 02:06:42 CST
ORCL,Oracle Corporation,2026,Q2,Hardware,776000000.0,2025-11-30,False,2026-08-05 02:06:42 CST,2026-08-05 02:06:42 CST
ORCL,Oracle Corporation,2026,Q2,Oracle Cloud Infrastructure,4099999999.9999995,2025-12-10,False,2026-08-05 02:06:42 CST,2026-08-05 02:06:42 CST
ORCL,Oracle Corporation,2026,Q2,Services,1428000000.0,2025-11-30,False,2026-08-05 02:06:42 CST,2026-08-05 02:06:42 CST
ORCL,Oracle Corporation,2026,Q2,Software,5900000000.0,2025-12-10,False,2026-08-05 02:06:42 CST,2026-08-05 02:06:42 CST
ORCL,Oracle Corporation,2026,Q3,Cloud,8914000000.0,2026-02-28,False,2026-08-05 02:06:42 CST,2026-08-05 02:06:42 CST
ORCL,Oracle Corporation,2026,Q3,Cloud Applications,4000000000.0,2026-03-10,False,2026-08-05 02:06:42 CST,2026-08-05 02:06:42 CST
ORCL,Oracle Corporation,2026,Q3,Hardware,714000000.0,2026-02-28,False,2026-08-05 02:06:42 CST,2026-08-05 02:06:42 CST
ORCL,Oracle Corporation,2026,Q3,Services,1443000000.0,2026-02-28,False,2026-08-05 02:06:42 CST,2026-08-05 02:06:42 CST
ORCL,Oracle Corporation,2026,Q3,Software,6119000000.0,2026-02-28,False,2026-08-05 02:06:42 CST,2026-08-05 02:06:42 CST
ORCL,Oracle Corporation,2026,Q4,Cloud,9900000000.0,2026-06-10,False,2026-08-05 02:06:42 CST,2026-08-05 02:06:42 CST
ORCL,Oracle Corporation,2026,Q4,Hardware,924000000.0,,True,2026-08-05 02:06:42 CST,2026-08-05 02:06:42 CST
ORCL,Oracle Corporation,2026,Q4,Services,1523000000.0,,True,2026-08-05 02:06:42 CST,2026-08-05 02:06:42 CST
ORCL,Oracle Corporation,2026,Q4,Software,6800000000.0,2026-06-10,False,2026-08-05 02:06:42 CST,2026-08-05 02:06:42 CST
